Workbook

Sheet START HERE
A1: AI/ML + Software Engineering + Integrated Development Tracker
A3: How to use this workbook
A4: 1. SWE Roadmap: Java/DSA, core CS, software development, testing and deployment.
A5: 2. AI ML Roadmap: Python, maths, data, classical ML, then choose deep learning or GenAI/RAG.
A6: 3. AI + SWE Integration: build a complete app with a tested AI/ML feature, evaluation and deployment.
A7: 4. Company Role Tracker: filter by Track and Priority; verify vacancies and BCA eligibility before applying.
A8: 5. All Skills Reference / All Learning Resources: use as the broader catalogue; the roadmap tabs are the guided paths.
A9: 6. Update Status and Confidence regularly, and keep project links/application status current.
A10: 7. Priorities: 'Priority' = reasonable first-wave targets to investigate; 'Stretch' = more competitive or role availability/eligibility may be harder; 'verify opening' = check active vacancy first.
A12: Recommended learning paths
A13: SWE Roadmap | B13: Java + DSA, core CS, web/backend engineering, testing and deployment.
A14: AI ML Roadmap | B14: Python, maths/statistics, data, model evaluation, then DL or GenAI.
A15: AI + SWE Integration | B15: One end-to-end product: UI + backend + database + AI service + tests + deployment.
A17: Progress Dashboard calculates checklist completion from status dropdowns. Live & Direct Apply Links contains company career pages and selected role pages; a link is not a guarantee that a vacancy remains open. Verify deadline and BCA eligibility before applying.
A19: Progress tracking: use the new Progress ☑ dropdown column in the roadmap and checklist tabs.

Sheet Progress Dashboard
A1: Learning Progress Dashboard
A3: Metric | B3: Value
A4: Total checklist items | B4: =COUNTA('SWE Roadmap'!$C$4:$C$20)+COUNTA('AI ML Roadmap'!$C$4:$C$24)+COUNTA('AI + SWE Integration'!$C$4:$C$20) -> 55
A5: Done | B5: =COUNTIF('SWE Roadmap'!$E$4:$E$20,"Done")+COUNTIF('AI ML Roadmap'!$E$4:$E$24,"Done")+COUNTIF('AI + SWE Integration'!$E$4:$E$20,"Done") -> 1
A6: Pending | B6: =COUNTIF('SWE Roadmap'!$E$4:$E$20,"Pending")+COUNTIF('AI ML Roadmap'!$E$4:$E$24,"Pending")+COUNTIF('AI + SWE Integration'!$E$4:$E$20,"Pending") -> 1
A7: Revision | B7: =COUNTIF('SWE Roadmap'!$E$4:$E$20,"Revision")+COUNTIF('AI ML Roadmap'!$E$4:$E$24,"Revision")+COUNTIF('AI + SWE Integration'!$E$4:$E$20,"Revision") -> 13
A8: Not Started | B8: =COUNTIF('SWE Roadmap'!$E$4:$E$20,"Not Started")+COUNTIF('AI ML Roadmap'!$E$4:$E$24,"Not Started")+COUNTIF('AI + SWE Integration'!$E$4:$E$20,"Not Started") -> 40
A9: Completion % | B9: =IFERROR(B5/B4,0) -> 0.018181818
A11: Recommended weekly workflow
A12: 1. Pick a task and change its Status dropdown to Not Started, Pending, Done, or Revision.
A13: 2. Move a task to Done only when you can explain and reproduce it; add proof in your project or notes.
A14: 3. Use Revision for topics that need another review; move them back to Pending while practising.
A15: 4. The KPI totals and per-track completion percentages recalculate in Excel from the Status columns.
A16: 5. The Progress ☑ column is still available as a visual checkbox, but Status controls dashboard calculations.
A18: How progress updates automatically
A19: Use the Status dropdown in each roadmap/checklist. The dashboard counts Done, Pending, Revision, and Not Started across SWE, AI/ML, and Integration.
A21: Automated progress by learning path
A22: Track | B22: Total Tasks | C22: Not Started | D22: Pending | E22: Done | F22: Revision | G22: Completion %
A23: SWE Roadmap | B23: =COUNTA('SWE Roadmap'!$C$4:$C$20) -> 17 | C23: =COUNTIF('SWE Roadmap'!$E$4:$E$20,"Not Started") -> 10 | D23: =COUNTIF('SWE Roadmap'!$E$4:$E$20,"Pending") -> 1 | E23: =COUNTIF('SWE Roadmap'!$E$4:$E$20,"Done") -> 1 | F23: =COUNTIF('SWE Roadmap'!$E$4:$E$20,"Revision") -> 5 | G23: =IFERROR(E23/B23,0) -> 0.058823529
A24: AI ML Roadmap | B24: =COUNTA('AI ML Roadmap'!$C$4:$C$24) -> 21 | C24: =COUNTIF('AI ML Roadmap'!$E$4:$E$24,"Not Started") -> 13 | D24: =COUNTIF('AI ML Roadmap'!$E$4:$E$24,"Pending") -> 0 | E24: =COUNTIF('AI ML Roadmap'!$E$4:$E$24,"Done") -> 0 | F24: =COUNTIF('AI ML Roadmap'!$E$4:$E$24,"Revision") -> 8 | G24: =IFERROR(E24/B24,0) -> 0
A25: AI + SWE Integration | B25: =COUNTA('AI + SWE Integration'!$C$4:$C$20) -> 17 | C25: =COUNTIF('AI + SWE Integration'!$E$4:$E$20,"Not Started") -> 17 | D25: =COUNTIF('AI + SWE Integration'!$E$4:$E$20,"Pending") -> 0 | E25: =COUNTIF('AI + SWE Integration'!$E$4:$E$20,"Done") -> 0 | F25: =COUNTIF('AI + SWE Integration'!$E$4:$E$20,"Revision") -> 0 | G25: =IFERROR(E25/B25,0) -> 0

Sheet SWE Roadmap
A1: SWE Roadmap
A2: Software Engineering / SDE track: strengthen coding and CS fundamentals, then ship reliable software.
A3: Phase | B3: Category | C3: Skill / task | D3: Priority | E3: Status | F3: Confidence (1–5) | G3: What to learn / deliverable | H3: Resource / next action | I3: Progress ☑
A4: 1. Foundation | B4: Interview language | C4: Java (primary interview language) | D4: Must-have | E4: Revision | F4: 1 | G4: Syntax, methods, arrays, strings, collections, generics, exceptions and clean code. | H4: https://docs.oracle.com/en/java/ | I4: ☑
A5: 1. Foundation | B5: Problem solving | C5: DSA + Big-O | D5: Must-have | E5: Revision | F5: 1 | G5: Arrays, strings, hash maps, stacks/queues, linked lists, binary search, recursion, trees, heaps, graphs, greedy, backtracking, DP; explain time/space. | H5: https://leetcode.com/problemset/ | I5: ☐
A6: 1. Foundation | B6: Core CS | C6: OOP | D6: Must-have | E6: Revision | F6: 1 | G6: Encapsulation, abstraction, inheritance, polymorphism, interfaces, composition and SOLID basics. | I6: ☐
A7: 1. Foundation | B7: Core CS | C7: DBMS + SQL | D7: Must-have | E7: Revision | F7: 1 | G7: Keys, normalization, joins, subqueries, CTEs, window functions, transactions, indexes and query plans. | H7: https://leetcode.com/studyplan/top-sql-50/ | I7: ☐
A8: 1. Foundation | B8: Core CS | C8: Operating systems | D8: Must-have | E8: Revision | F8: 1 | G8: Processes/threads, concurrency, deadlocks, memory, virtual memory, scheduling and synchronization. | I8: ☐
A9: 1. Foundation | B9: Core CS | C9: Computer networks | D9: Must-have | E9: Not Started | F9: 1 | G9: HTTP/HTTPS, DNS, TCP vs UDP, TLS, cookies, REST and status codes. | H9: https://developer.mozilla.org/en-US/docs/Web/HTTP | I9: ☐
A10: 2. Build software | B10: Frontend | C10: HTML + CSS + JavaScript | D10: Must-have | E10: Done | F10: 1 | G10: Semantic HTML, responsive layouts, DOM, ES6+, promises, async/await, error handling and browser devtools. | H10: https://developer.mozilla.org/ | I10: ☐
A11: 2. Build software | B11: Frontend | C11: React + TypeScript | D11: High | E11: Pending | F11: 1 | G11: Components, props/state, hooks, routing, forms, accessibility, API loading/error states and reusable components. | H11: https://react.dev/ | I11: ☐
A12: 2. Build software | B12: Backend | C12: Node.js + Express REST APIs | D12: High | E12: Not Started | F12: 1 | G12: Routing, middleware, validation, pagination, error handling, authentication, authorization and API docs. | H12: https://nodejs.org/en/learn | I12: ☐
A13: 2. Build software | B13: Backend | C13: Java backend (Spring Boot) | D13: Useful | E13: Not Started | F13: 1 | G13: Controllers, services, repositories, DTOs, validation, dependency injection, JPA and security basics. | H13: https://spring.io/guides | I13: ☐
A14: 2. Build software | B14: Data | C14: PostgreSQL + MongoDB | D14: High | E14: Not Started | F14: 1 | G14: Schema design, relationships, indexes, migrations, aggregation, pagination and transactions. | H14: https://www.postgresql.org/docs/ | I14: ☐
A15: 2. Build software | B15: Engineering | C15: Git + GitHub | D15: Must-have | E15: Not Started | F15: 1 | G15: Branching, clean commits, pull requests, resolving conflicts, issues, README and meaningful history. | H15: https://git-scm.com/docs | I15: ☐
A16: 2. Build software | B16: Quality | C16: Testing + debugging | D16: High | E16: Not Started | F16: 1 | G16: Unit, integration and API tests; test validation/auth/error paths; logs, breakpoints and reproducible bug reports. | H16: https://vitest.dev/ | I16: ☐
A17: 3. Ship it | B17: Deployment | C17: Docker + CI/CD | D17: Useful | E17: Not Started | F17: 1 | G17: Dockerfile, env vars, build/test pipeline, health checks, secrets, logs and rollback basics. | H17: https://docs.docker.com/ | I17: ☐
A18: 3. Ship it | B18: Design | C18: System design fundamentals | D18: Useful | E18: Not Started | F18: 1 | G18: Caching, queues, load balancing, rate limits, database trade-offs, reliability and observability. | I18: ☐
A19: 3. Ship it | B19: Portfolio | C19: Swasthya Setu engineering polish | D19: Must-have | E19: Not Started | F19: 1 | G19: Document roles, API contracts, DB schema, security, error states, tests, seed data, deployment, architecture diagram and demo. | H19: Use existing project as main SWE case study. | I19: ☐
A20: 3. Ship it | B20: Interview | C20: Coding + project storytelling | D20: Must-have | E20: Not Started | F20: 1 | G20: Timed DSA practice; explain trade-offs, a bug fixed, a design choice, testing strategy and project impact. | I20: ☐

Sheet AI ML Roadmap
A1: AI ML Roadmap
A2: AI/ML track: learn data and classical ML first, then choose deep learning or GenAI/RAG based on target roles.
A3: Phase | B3: Category | C3: Skill / task | D3: Priority | E3: Status | F3: Confidence (1–5) | G3: What to learn / deliverable | H3: Resource / next action | I3: Progress ☑
A4: 1. Foundations | B4: Python | C4: Python for data and ML | D4: Must-have | E4: Revision | F4: 1 | G4: Functions, collections, modules, virtual environments, exceptions, notebooks and reusable code. | H4: https://docs.python.org/3/tutorial/ | I4: ☐
A5: 1. Foundations | B5: Math | C5: Linear algebra | D5: Must-have | E5: Revision | F5: 1 | G5: Vectors, matrices, dot products, matrix multiplication, norms and embedding intuition. | H5: https://www.khanacademy.org/math/linear-algebra | I5: ☐
A6: 1. Foundations | B6: Math | C6: Probability + statistics | D6: Must-have | E6: Not Started | F6: 1 | G6: Distributions, expectation/variance, conditional probability, Bayes, sampling, confidence intervals, hypothesis tests and correlation vs causation. | H6: https://www.khanacademy.org/math/statistics-probability | I6: ☐
A7: 1. Foundations | B7: Data | C7: NumPy + pandas + EDA | D7: Must-have | E7: Revision | F7: 1 | G7: Array operations, missing data, duplicates, joins, groupby, visualization, outliers and data-leakage awareness. | H7: https://pandas.pydata.org/docs/ | I7: ☐
A8: 1. Foundations | B8: Data | C8: SQL for analytics | D8: High | E8: Revision | F8: 1 | G8: Joins, aggregation, CTEs, window functions, data-quality checks and basic indexing. | H8: https://leetcode.com/studyplan/top-sql-50/ | I8: ☐
A9: 2. Machine learning | B9: Classical ML | C9: Supervised learning | D9: Must-have | E9: Revision | F9: 1 | G9: Linear/logistic regression, decision trees, random forests, gradient boosting, kNN and SVM intuition. | H9: https://scikit-learn.org/stable/ | I9: ☐
A10: 2. Machine learning | B10: Classical ML | C10: Unsupervised learning | D10: High | E10: Revision | F10: 1 | G10: K-means, hierarchical clustering, PCA, anomaly detection and when to use each. | I10: ☐
A11: 2. Machine learning | B11: Model quality | C11: Preprocessing + feature engineering | D11: Must-have | E11: Revision | F11: 1 | G11: Imputation, encoding, scaling, pipelines, class imbalance, train/validation/test split and leakage prevention. | I11: ☐
A12: 2. Machine learning | B12: Model quality | C12: Evaluation + validation | D12: Must-have | E12: Revision | F12: 1 | G12: Confusion matrix, precision/recall/F1, ROC-AUC, MAE/RMSE, cross-validation, threshold choice and baseline comparison. | I12: ☐
A13: 2. Machine learning | B13: Model quality | C13: Overfitting + explainability | D13: Must-have | E13: Not Started | F13: 1 | G13: Bias/variance, regularization, feature importance, calibration, fairness, limitations and data provenance. | I13: ☐
A14: 3. Specialize | B14: Deep learning | C14: Neural network fundamentals | D14: Role-dependent | E14: Not Started | F14: 1 | G14: Tensors, layers, activations, loss, backpropagation intuition, optimizers, batch size and epochs. | I14: ☐
A15: 3. Specialize | B15: Deep learning | C15: PyTorch (choose first) | D15: High for DL roles | E15: Not Started | F15: 1 | G15: Tensors, Dataset/DataLoader, model class, training loop, autograd, checkpoints and inference. | H15: https://pytorch.org/tutorials/ | I15: ☐
A16: 3. Specialize | B16: GenAI / NLP | C16: Transformers + Hugging Face | D16: High for GenAI roles | E16: Not Started | F16: 1 | G16: Tokenization, attention, embeddings, model/tokenizer loading, inference pipelines and model cards. | H16: https://huggingface.co/learn | I16: ☐
A17: 3. Specialize | B17: GenAI / RAG | C17: LLM APIs + structured outputs | D17: High for GenAI roles | E17: Not Started | F17: 1 | G17: Secure API-key handling, schema validation, retries, timeouts, streaming, context and token/cost awareness. | I17: ☐
A18: 3. Specialize | B18: GenAI / RAG | C18: RAG end-to-end | D18: High for GenAI roles | E18: Not Started | F18: 1 | G18: Parse documents, chunk with metadata, embed, retrieve top-k, assemble context, generate grounded answers and cite sources. | I18: ☐
A19: 3. Specialize | B19: GenAI / RAG | C19: Vector search + retrieval evaluation | D19: High for GenAI roles | E19: Not Started | F19: 1 | G19: Chroma/FAISS/pgvector, similarity search, metadata filters, hybrid search basics, recall and citation correctness. | I19: ☐
A20: 3. Specialize | B20: Responsible AI | C20: LLM safety + evaluation | D20: Must-have for deployed GenAI | E20: Not Started | F20: 1 | G20: Golden test set, groundedness/relevance, prompt injection, privacy, untrusted retrieved text, bounded tools and abstention. | I20: ☐
A21: 4. Production | B21: Serving | C21: FastAPI model serving | D21: High | E21: Not Started | F21: 1 | G21: Pydantic validation, REST endpoints, inference, error handling, docs, versioning and health checks. | H21: https://fastapi.tiangolo.com/ | I21: ☐
A22: 4. Production | B22: MLOps | C22: Docker + reproducibility | D22: Useful | E22: Not Started | F22: 1 | G22: Environment configuration, reproducible data/model versions, logging, latency monitoring and drift awareness. | H22: https://docs.docker.com/ | I22: ☐
A23: 4. Production | B23: Portfolio | C23: ML project report | D23: Must-have | E23: Not Started | F23: 1 | G23: Document problem, data source, baseline, split strategy, metrics, error analysis, limitations and reproducible steps. | I23: ☐
A24: 4. Production | B24: Portfolio | C24: Deploy one usable AI feature | D24: Must-have | E24: Not Started | F24: 1 | G24: Expose inference through an API and integrate into a simple interface; include tests, usage limits and failure states. | I24: ☐

Sheet AI + SWE Integration
A1: AI + SWE Integration
A2: Combined development track: use software engineering to build reliable products and AI/ML to add a measured, testable capability.
A3: Phase | B3: Category | C3: Skill / task | D3: Priority | E3: Status | F3: Confidence (1–5) | G3: What to learn / deliverable | H3: Resource / next action | I3: Progress ☑
A4: 1. Pick a problem | B4: Product thinking | C4: Define one real user problem | D4: Must-have | E4: Not Started | F4: 1 | G4: Choose a bounded feature (e.g. healthcare resource demand forecast or document Q&A); define users, inputs, outputs and success metric. | H4: Try a focused Swasthya Setu feature. | I4: ☐
A5: 2. Build the app | B5: Frontend | C5: React + TypeScript interface | D5: Must-have | E5: Not Started | F5: 1 | G5: Responsive form/results UI, loading/empty/error states, accessible controls and API integration. | H5: https://react.dev/ | I5: ☐
A6: 2. Build the app | B6: Backend | C6: Node.js/Express application API | D6: Must-have | E6: Not Started | F6: 1 | G6: Validate requests, enforce auth/roles, store data, rate-limit expensive calls and return consistent errors. | I6: ☐
A7: 2. Build the app | B7: Data layer | C7: Database + data pipeline | D7: Must-have | E7: Not Started | F7: 1 | G7: Design schema, indexes and migrations; validate/version input data; protect private data. | I7: ☐
A8: 3. Add AI | B8: Model choice | C8: Baseline before complex model | D8: Must-have | E8: Not Started | F8: 1 | G8: Build a simple rule/statistical baseline, define evaluation metrics, compare improvements and record limitations. | I8: ☐
A9: 3. Add AI | B9: Model/API service | C9: Python + scikit-learn or LLM API | D9: Must-have | E9: Not Started | F9: 1 | G9: Use a separate FastAPI service for custom models or securely call a hosted LLM API; validate inputs/outputs. | H9: https://fastapi.tiangolo.com/ | I9: ☐
A10: 3. Add AI | B10: RAG option | C10: Grounded document assistant | D10: Role-dependent | E10: Not Started | F10: 1 | G10: Ingest documents, chunk, embed, retrieve relevant sections, cite sources and say when evidence is missing. | H10: Only if document search solves the problem. | I10: ☐
A11: 4. Integrate | B11: Service contracts | C11: Versioned API contract | D11: Must-have | E11: Not Started | F11: 1 | G11: Define request/response schemas, timeouts, retries, error codes, service auth and safe fallbacks. | I11: ☐
A12: 4. Integrate | B12: Reliability | C12: Latency, cost and fallback | D12: Must-have | E12: Not Started | F12: 1 | G12: Track latency, request failures and AI cost; cache safe results; show fallback when model is unavailable. | I12: ☐
A13: 4. Integrate | B13: Security | C13: Privacy + prompt/input safety | D13: Must-have | E13: Not Started | F13: 1 | G13: Keep secrets server-side, limit access, validate model outputs, treat retrieved text as untrusted and minimize sensitive data. | I13: ☐
A14: 5. Prove it works | B14: Testing | C14: Unit + integration + model eval | D14: Must-have | E14: Not Started | F14: 1 | G14: Test frontend/API/service boundaries, malformed input, no-result cases, grounding cases and authorization. | I14: ☐
A15: 5. Prove it works | B15: Evaluation | C15: Software + AI metrics | D15: Must-have | E15: Not Started | F15: 1 | G15: Measure app correctness/availability and model quality (task metrics, groundedness and human review). | I15: ☐
A16: 6. Ship it | B16: Deployment | C16: Docker + CI/CD + monitoring | D16: High | E16: Not Started | F16: 1 | G16: Deploy frontend, backend and AI service; configure env vars, health checks, logs, versioning and rollback. | I16: ☐
A17: 6. Ship it | B17: Documentation | C17: Architecture + demo | D17: Must-have | E17: Not Started | F17: 1 | G17: Publish architecture/data-flow diagram, API docs, test instructions, limitations, screenshots, demo URL and setup README. | I17: ☐
A18: Portfolio example | B18: Swasthya Setu | C18: Bed-pressure / follow-up risk feature | D18: High | E18: Not Started | F18: 1 | G18: Connect a measured prediction service to the backend; label demo predictions and document dataset/model limitations. | H18: Do not present it as validated clinical advice. | I18: ☐
A19: Portfolio example | B19: RAG assistant | C19: Document Q&A with citations | D19: High | E19: Not Started | F19: 1 | G19: Upload approved docs, retrieve passages, answer with citations, evaluate grounding and show an abstain state. | I19: ☐
A20: Portfolio example | B20: Interview story | C20: Explain end-to-end trade-offs | D20: Must-have | E20: Not Started | F20: 1 | G20: Explain model choice, baseline comparison, data design, API boundaries, security, testing and deployment. | I20: ☐

Sheet Company Role Tracker
A1: Company | B1: Track | C1: Role titles to search | D1: Priority | E1: Core skills required | F1: Helpful / differentiating skills | G1: Typical interview rounds (not guaranteed) | H1: Interview types / format | I1: What to prepare / likely focus | J1: Eligibility note | K1: Official careers / role link | L1: Column1 | M1: Column2 | N1: Column3 | O1: Column4 | P1: Column5 | Q1: Column6
A2: Microsoft | B2: AI/ML | C2: AI Engineer Intern; Applied Scientist Intern; Software Engineer Intern (AI) | D2: Stretch | E2: Python; DSA; statistics/probability; ML fundamentals; SQL; model evaluation | F2: PyTorch/TensorFlow; NLP/LLMs; Azure; MLOps; research/project depth | G2: Resume screen → online coding/assessment (role-dependent) → technical interviews → behavioral/final | H2: Online assessment; live coding; ML/technical discussion; behavioral | I2: DSA, ML fundamentals, metrics, overfitting, project decisions, behavioral examples | J2: Check degree and graduation-year requirements; research-heavy Applied Scientist roles may require advanced study. | K2: https://careers.microsoft.com/ | L2: https://careers.microsoft.com/ | M2: Not started | P2: Open link; verify role, eligibility, deadline; tailor resume
A3: Amazon | B3: AI/ML + Full Stack | C3: SDE Intern / SDE I; ML Engineer; Applied Scientist (where eligible) | D3: Stretch | E3: One strong language (Java/Python); DSA; OOP; SQL; APIs; ML fundamentals for ML roles | F3: AWS; distributed systems; PyTorch; model deployment; React/TypeScript | G3: Online assessment → 1+ technical interviews → behavioral/leadership interview (varies by role) | H3: Timed coding; live coding; project/CS fundamentals; behavioral questions | I3: DSA, coding complexity, DBMS, APIs, ML evaluation for AI roles, leadership-principle examples | J3: Applied Scientist positions may require postgraduate/research qualifications; verify each listing. | K3: https://www.amazon.jobs/ | L3: https://www.amazon.jobs/ | M3: Not started | P3: Open link; verify role, eligibility, deadline; tailor resume
A4: Google | B4: AI/ML | C4: Software Engineer Intern; ML Engineer; Research/AI roles where eligible | D4: Stretch | E4: Python/C++/Java; DSA; linear algebra; probability/statistics; ML fundamentals | F4: TensorFlow/JAX; deep learning; NLP; cloud; research publications for research roles | G4: Application/resume screen → coding/technical interviews → role-specific ML/research rounds → behavioral | H4: Online coding; live coding; ML theory/case discussion; behavioral | I4: Algorithms, data structures, ML model selection, metrics, project deep dive | J4: Research roles can have advanced-degree expectations; verify student/graduate eligibility. | K4: https://www.google.com/about/careers/applications/ | L4: https://www.google.com/about/careers/applications/ | M4: Not started | P4: Open link; verify role, eligibility, deadline; tailor resume
A5: Adobe | B5: AI/ML + Full Stack | C5: Software Engineer Intern; ML Engineer; Full Stack Engineer | D5: Stretch | E5: Java/Python/C++; DSA; OOP; DBMS; ML fundamentals for AI positions | F5: React/TypeScript; PyTorch; computer vision/NLP; cloud; APIs | G5: Online assessment (sometimes) → technical coding rounds → project/domain round → HR/behavioral | H5: Coding test; live technical interview; project discussion; behavioral | I5: DSA, CS fundamentals, model evaluation for ML, frontend/backend architecture for full stack | J5: Role and campus program determine degree eligibility and rounds. | K5: https://careers.adobe.com/ | L5: https://careers.adobe.com/ | M5: Not started | P5: Open link; verify role, eligibility, deadline; tailor resume
A6: Accenture | B6: AI/ML + Full Stack | C6: AI/ML Engineer; Data/AI Analyst; Full Stack Engineer; Application Developer | D6: Priority | E6: Python; SQL; statistics; ML basics; JavaScript/TypeScript; REST APIs; Git | F6: FastAPI; React; cloud (Azure/AWS/GCP); Docker; LLM/RAG basics | G6: Application/aptitude or cognitive test → coding/technical assessment → communication/technical interview → HR (varies) | H6: Online assessment; coding test; technical/project interview; communication/behavioral | I6: Python/SQL, ML pipeline, API deployment, React/Node basics, project walkthrough | J6: Check BCA eligibility for the exact role; some specialist postings require engineering or postgraduate degrees. | K6: https://www.accenture.com/in-en/careers | L6: https://www.accenture.com/in-en/careers | M6: Not started | P6: Open link; verify role, eligibility, deadline; tailor resume
A7: TCS | B7: AI/ML + Full Stack | C7: Digital/Prime software roles; AI/ML Engineer (when open); Full Stack Developer | D7: Priority | E7: Java/Python; DSA; OOP; SQL/DBMS; statistics and ML basics for AI roles | F7: React; Node.js; FastAPI; cloud; model deployment | G7: NQT/online assessment → coding (track-dependent) → technical interview → HR | H7: Aptitude/reasoning; coding test; technical/project interview; HR | I7: DSA, OOP, DBMS/SQL, project deep dive; ML basics for AI-designated roles | J7: Eligibility, degree, academic scores and graduation year vary by hiring track; verify BCA eligibility. | K7: https://www.tcs.com/careers/india | L7: https://www.tcs.com/careers/india | M7: Not started | P7: Open link; verify role, eligibility, deadline; tailor resume
A8: Infosys | B8: AI/ML + Full Stack | C8: Systems Engineer; Specialist Programmer; Data/AI roles; Full Stack Developer | D8: Priority | E8: Java/Python; DSA; SQL; OOP; Python data handling; ML fundamentals for AI roles | F8: React; Node.js; scikit-learn; cloud; GenAI/RAG basics | G8: Online assessment → coding/pseudocode (track-dependent) → technical interview → HR | H8: Aptitude; coding; technical and project discussion; HR | I8: Problem solving, SQL, core CS, Python/ML concepts, explain project design choices | J8: Some specialist tracks have strict degree/marks criteria; check the exact role. | K8: https://www.infosys.com/careers/ | L8: https://www.infosys.com/careers/ | M8: Not started | P8: Open link; verify role, eligibility, deadline; tailor resume
A9: HCLTech | B9: AI/ML + Full Stack | C9: Fresher AI/ML Developer (where eligible); Graduate Engineer Trainee; Full Stack Developer | D9: Priority | E9: Python; SQL; ML algorithms; data preprocessing; JavaScript; REST APIs | F9: React/React Native; FastAPI; TensorFlow/PyTorch; cloud; Docker | G9: Application → online assessment (role-dependent) → technical interview → HR | H9: Coding/aptitude test; technical interview; project discussion; HR | I9: Python, supervised/unsupervised learning, evaluation metrics, API integration, project explanation | J9: A recent AI/ML fresher posting specified B.Tech; BCA eligibility is role-specific—check listing carefully. | K9: https://careers.hcltech.com/ | L9: https://careers.hcltech.com/ | M9: Not started | P9: Open link; verify role, eligibility, deadline; tailor resume
A10: Wipro | B10: AI/ML + Full Stack | C10: Project Engineer; AI/ML roles when open; Full Stack Developer | D10: Priority | E10: Python/Java; DSA; SQL; ML basics; JavaScript and APIs for full stack | F10: React Native; FastAPI; cloud; MLOps; Docker | G10: Online assessment → coding/technical interview → HR (varies by drive) | H10: Aptitude; coding; technical/project discussion; HR | I10: DSA, programming fundamentals, SQL, ML concepts and project details | J10: Check current campus/off-campus eligibility and degree requirements. | K10: https://careers.wipro.com/ | L10: https://careers.wipro.com/ | M10: Not started | P10: Open link; verify role, eligibility, deadline; tailor resume
A11: Cognizant | B11: AI/ML + Full Stack | C11: GenC/GenC Next; AI & Analytics roles; Full Stack Developer | D11: Priority | E11: Java/Python; SQL; DSA; JavaScript; REST APIs; ML basics for AI roles | F11: React/React Native; cloud; FastAPI; deployment | G11: Communication/aptitude assessments → coding assessment (track-dependent) → technical/HR interview | H11: Online assessment; coding; technical and behavioral interview | I11: Coding, SQL, OOP, project walkthrough, basic ML and API design | J11: Check BCA and graduation-year eligibility in each drive. | K11: https://careers.cognizant.com/india-en/ | L11: https://careers.cognizant.com/india-en/ | M11: Not started | P11: Open link; verify role, eligibility, deadline; tailor resume
A12: Zoho | B12: Full Stack + AI/ML | C12: Software Developer; Full Stack Developer; AI/ML Engineer (when available) | D12: Priority | E12: C/C++/Java/Python; DSA; OOP; DBMS; SQL; web fundamentals | F12: React; Node.js; Python ML; model serving; React Native | G12: Written/aptitude or programming rounds → practical coding/application round → technical interviews → HR (varies) | H12: Written test; timed coding; build-a-program exercise; technical/HR | I12: Solve coding problems without over-relying on frameworks; build a small app; explain trade-offs | J12: Role-specific degree criteria apply; verify current openings. | K12: https://www.zoho.com/careers.html | L12: https://www.zoho.com/careers.html | M12: Not started | P12: Open link; verify role, eligibility, deadline; tailor resume
A13: Freshworks | B13: Full Stack + AI/ML | C13: Software Engineer; Full Stack Engineer; AI/ML Engineer (when available) | D13: Stretch | E13: JavaScript/TypeScript; React; Node.js or Java; SQL; DSA; APIs | F13: Python; LLM APIs; search/recommendation; cloud; observability | G13: Resume screen → coding/technical interviews → project/system discussion → behavioral (varies) | H13: Coding; practical engineering; system/project discussion; behavioral | I13: Frontend state, APIs, DB design, testing, coding fundamentals, AI feature evaluation | J13: Openings and student programs vary by location and season. | K13: https://www.freshworks.com/company/careers/ | L13: https://www.freshworks.com/company/careers/ | M13: Not started | P13: Open link; verify role, eligibility, deadline; tailor resume
... A23: Origin Softwares | B23: Full Stack + AI/ML | C23: Full Stack Developer; AI-enabled application developer | D23: Priority / verify opening | E23: JavaScript/TypeScript; Node.js; SQL; APIs; Git; testing | F23: Python/LLM APIs; cloud; deployment; React Native | G23: Published process: application review → 30-minute technical screen/practical exercise → team lead/senior engineer interview → offer | H23: Practical exercise; technical discussion; team interview | I23: Explain shipped work, debugging process, code quality, architecture choices | J23: Confirm active vacancy and level; use the official careers page. | K23: https://www.originsoftwares.com/careers | L23: https://www.originsoftwares.com/careers | M23: Not started | P23: Open link; verify role, eligibility, deadline; tailor resume
A24: TCS / Digital track | B24: AI/ML + Full Stack | C24: Digital/Prime fresher roles; AI-related projects/roles where available | D24: Priority | E24: Java/Python; DSA; OOP; DBMS/SQL; OS/network basics | F24: React; Node.js; ML fundamentals; cloud | G24: NQT or equivalent assessment → coding/technical interview → HR; track-specific | H24: Aptitude/reasoning; coding; technical and project interview | I24: DSA, SQL, OOP, project explanation; AI concepts only if role requires them | J24: This is a hiring track, not a separate company. Confirm current hiring program and BCA eligibility. | K24: https://www.tcs.com/careers/india | M24: Not started | P24: Open link; verify role, eligibility, deadline; tailor resume
A25: HCLTech / AI roles | B25: AI/ML | C25: Fresher AIML Developer; Data/AI trainee (when open) | D25: Priority / verify eligibility | E25: Python; NumPy; pandas; scikit-learn; statistics; ML algorithms; SQL | F25: PyTorch/TensorFlow; FastAPI; Docker; cloud; model monitoring | G25: Application → assessment → technical ML/Python round → HR (role-dependent) | H25: Python/SQL coding; ML theory; project deep dive; behavioral | I25: Data cleaning, train/test split, leakage, metrics, overfitting, deployment | J25: Some posted fresher AIML roles require B.Tech; BCA candidates must verify eligibility before applying. | K25: https://careers.hcltech.com/ | M25: Not started | P25: Open link; verify role, eligibility, deadline; tailor resume
A26: Microsoft / mobile roles | B26: Full Stack + React Native | C26: Software Engineer Intern; Mobile/Full Stack Engineer (where available) | D26: Stretch | E26: JavaScript/TypeScript; React; React Native; APIs; DSA; Git | F26: Native modules; navigation; state management; app performance; testing | G26: Resume screen → coding interview(s) → role-specific technical/project round → behavioral | H26: Coding; practical mobile/frontend discussion; project deep dive | I26: React hooks, navigation, async storage, REST APIs, debugging, app lifecycle | J26: React Native may not be explicitly named in every opening; search role descriptions. | K26: https://careers.microsoft.com/ | M26: Not started | P26: Open link; verify role, eligibility, deadline; tailor resume
A27: Amazon / mobile-full stack roles | B27: Full Stack + React Native | C27: SDE Intern/SDE I; Mobile Engineer (where available) | D27: Stretch | E27: Java/JavaScript; DSA; OOP; REST APIs; SQL/NoSQL | F27: React Native; app testing; AWS; observability | G27: Online assessment → technical coding rounds → behavioral/leadership round | H27: Timed coding; live coding; project/architecture discussion; behavioral | I27: DSA, APIs, state management, app performance and behavioral examples | J27: Search exact mobile role titles; React Native is not guaranteed to be used by every team. | K27: https://www.amazon.jobs/ | M27: Not started | P27: Open link; verify role, eligibility, deadline; tailor resume
A28: StayBoba | B28: Full Stack + React Native | C28: Full Stack Developer (College Hiring); React Native as a bonus skill | D28: Priority / verify opening | E28: Frontend/backend fundamentals; TypeScript; database; Git; AI-assisted development | F28: React Native; cloud; Docker; API design | G28: Published process: GitHub/application review → short video call → one-week evaluation task → internship decision | H28: Portfolio review; project discussion; take-home practical assignment | I28: Code quality, architecture decisions, end-to-end build, use of AI coding tools responsibly | J28: Listing describes a college-hiring internship; review assignment duration and terms before accepting. | K28: https://careers.stayboba.com/apply/full-stack-college/ | L28: https://careers.stayboba.com/apply/full-stack-college/ | M28: Not started | P28: Open link; verify role, eligibility, deadline; tailor resume

Sheet Live & Direct Apply Links
A1: Company / portal | B1: Role / track | C1: Apply / opportunities link | D1: Status checked | E1: What to verify before applying | F1: Source type | G1: Application status | H1: Applied date | I1: Next action
A2: Sabre AI Labs | B2: AI/ML Research Intern; Full Stack Developer; Mobile App Developer | C2: https://careers.sabreailabs.in/opportunities | D2: 10 Oct 2026 | E2: Check role page, eligibility, deadlines and whether application is still open | F2: Company opportunities portal | G2: Not started | I2: Open link; verify active role and BCA eligibility
A3: RadialBrain | B3: AI Engineering Intern; Software Engineer Trainee (AI + Full Stack) | C3: https://www.radialbrain.com/careers/ | D3: 10 Oct 2026 | E3: Current students for internship; trainee track for full-time; inspect application page | F3: Company careers page | G3: Not started | I3: Open link; verify active role and BCA eligibility
A4: Pritas | B4: AI/ML Intern; Full Stack Developer Intern; Frontend/Backend Intern | C4: https://pritas.in/company/careers | D4: 10 Oct 2026 | E4: Remote internship; duration and terms; confirm open form and work expectations | F4: Company careers page | G4: Not started | I4: Open link; verify active role and BCA eligibility
A5: Astrizion Technologies | B5: AI/ML Engineer Intern; Full Stack Developer Intern; Mobile App Developer | C5: https://astriziontechnologies.com/careers | D5: 10 Oct 2026 | E5: Confirm current vacancy, selection process, stipend and company details | F5: Company careers page | G5: Not started | I5: Open link; verify active role and BCA eligibility
A6: GlobeXcoders | B6: AI/ML Engineer Intern; Full Stack Developer Intern | C6: https://www.globexcoders.in/careers | D6: 10 Oct 2026 | E6: Page describes unpaid internship; carefully assess terms, learning and PPO conditions before accepting | F6: Company careers page | G6: Not started | I6: Open link; verify active role and BCA eligibility
A7: Kreeda Labs via VibrantMinds | B7: Full Stack Developer; AI/ML Engineer Intern | C7: https://candidates.vibrantminds.in/campus-drives/detail.php?id=19 | D7: Historical posting; verify status | E7: Search result showed deadline 7 Sep 2026, which has passed; use only to check for a new drive | F7: Recruitment drive page; deadline may be past | G7: Not started | I7: Open link; verify active role and BCA eligibility
A8: Growify India | B8: React Native Intern Developer | C8: https://growifyindia.com/careers/react-native-intern-developer | D8: Historical posting; verify status | E8: Search result showed deadline 22 Aug 2026, which has passed; check if reposted | F8: Company role page; deadline may be past | G8: Not started | I8: Open link; verify active role and BCA eligibility
A9: Nexentia | B9: Full Stack Developer Intern | C9: https://careers.nexentia.in/ | D9: 10 Oct 2026 | E9: Page showed a role and internship details; verify the application window before submitting | F9: Company hiring portal | G9: Not started | I9: Open link; verify active role and BCA eligibility
A10: Microsoft | B10: AI/ML, Software Engineering, mobile roles | C10: https://careers.microsoft.com/ | D10: 10 Oct 2026 | E10: Filter India, internship/graduate, and verify degree requirements | F10: Official company careers | G10: Not started | I10: Open link; verify active role and BCA eligibility
A11: Amazon | B11: SDE, ML, AI, mobile roles | C11: https://www.amazon.jobs/ | D11: 10 Oct 2026 | E11: Filter India and student/entry-level; each role has its own eligibility | F11: Official company jobs | G11: Not started | I11: Open link; verify active role and BCA eligibility
A12: Google | B12: Software Engineering, ML/AI roles | C12: https://www.google.com/about/careers/applications/ | D12: 10 Oct 2026 | E12: Filter India and early career; research roles may require advanced degrees | F12: Official company careers | G12: Not started | I12: Open link; verify active role and BCA eligibility
A13: Adobe | B13: Software Engineering, AI/ML roles | C13: https://careers.adobe.com/ | D13: 10 Oct 2026 | E13: Filter intern/new graduate and India; check role requirements | F13: Official company careers | G13: Not started | I13: Open link; verify active role and BCA eligibility
... A29: Origin Softwares | B29: Full Stack / AI-enabled development | C29: https://www.originsoftwares.com/careers | D29: 10 Oct 2026 | E29: Confirm role level and active vacancy | F29: Company careers page | G29: Not started | I29: Open link; verify active role and BCA eligibility

Sheet Interview Round Guide
A1: Round / stage | B1: Common formats | C1: AI/ML focus | D1: Full Stack / React Native focus | E1: Preparation checklist | F1: Important note
A2: 1. Resume / application screen | B2: ATS keyword scan; recruiter review; portfolio/GitHub review | C2: Python, ML projects, datasets, evaluation results, deployment links | D2: React/React Native apps, APIs, database, deployment, GitHub quality | E2: Tailor resume to JD; put strongest project and live links near top; quantify results | F2: Not every company uses every stage.
A3: 2. Aptitude / online assessment | B3: Timed aptitude, reasoning, MCQ, coding platform; sometimes proctored | C3: Python basics, statistics, SQL, ML fundamentals if specified | D3: DSA, JavaScript/Java/Python, SQL, basic web concepts | E3: Practice timed questions; read role-specific test instructions | F3: Format and cutoffs vary by hiring program.
A4: 3. Coding / DSA | B4: Online assessment; shared-editor live coding; sometimes take-home | C4: Python coding, data manipulation, algorithms; SQL | D4: DSA in chosen language; JavaScript async concepts; SQL | E4: Explain approach, complexity, edge cases, tests; write clean code | F4: Some practical startups may prioritize projects over DSA.
A5: 4. Role-specific technical | B5: Live interview, whiteboard/shared editor, case study, practical task | C5: Statistics, model choice, feature engineering, leakage, metrics, deployment, ML system reasoning | D5: React hooks/state, REST APIs, DB schema, auth, debugging, mobile navigation/lifecycle | E5: Use a structured explanation; justify trade-offs and failure handling | F5: For React Native, be ready to demonstrate an actual mobile build.
A6: 5. Project / assignment | B6: Take-home assignment; code review; portfolio walkthrough; pair programming | C6: Reproduce experiment; baseline comparison; model card; API serving; evaluation | D6: Build feature end-to-end; integrate API; handle loading/errors; test and document | E6: Time-box; write README; include setup instructions and known limitations | F6: Review unpaid assignment length and terms before accepting.
A7: 6. System / architecture discussion | B7: System design or practical architecture discussion; more common at higher levels | C7: Data pipeline, inference endpoint, model monitoring, latency/cost, model/data versioning | D7: Client/API/database architecture, auth, caching, error handling, scaling; mobile offline/network behavior | E7: Start with requirements; sketch components/data flow; discuss trade-offs | F7: Freshers may get a smaller design discussion rather than full system design.
A8: 7. Behavioral / HR | B8: Recruiter call; manager interview; STAR questions | C8: Motivation, responsible AI, handling ambiguous data/results, teamwork | D8: Ownership, debugging, teamwork, deadlines, learning, user focus | E8: Prepare examples of conflict, failure, initiative, feedback, and learning | F8: Company-specific values and format vary.
A9: 8. Final verification / offer | B9: Eligibility, documents, compensation, location, background checks | C9: Degree/marks, graduation year, internship dates | D9: Degree/marks, graduation year, location/work mode | E9: Verify written offer, role, compensation, joining date and any bond/terms | F9: Never pay recruitment or placement fees to obtain a job.

Sheet All Skills Reference
A1: Track | B1: Category | C1: Skill / topic | D1: Priority | E1: Status | F1: Column1 | G1: Column2 | H1: Column3 | I1: Column4 | J1: Column5 | K1: Column6 | L1: Column7 | M1: Column8 | N1: Progress ☑
A2: Both | B2: Programming foundations | C2: Python fundamentals | D2: Must-have | E2: Not Started | F2: 1 | G2: Learn syntax, functions, collections, exceptions, modules, venv, typing basics | H2: Write 3 small scripts and one reusable module | I2: https://docs.python.org/3/tutorial/ | J2: Study basics → implement task → commit proof | N2: ☐
A3: Both | B3: Programming foundations | C3: JavaScript ES6+ | D3: Must-have | E3: Not Started | F3: 1 | G3: Closures basics, destructuring, array methods, modules, promises, async/await, error handling | H3: Build API-fetching utility with loading/error handling | I3: https://developer.mozilla.org/en-US/docs/Web/JavaScript | J3: Study basics → implement task → commit proof | N3: ☐
A4: Both | B4: Programming foundations | C4: TypeScript | D4: Must-have | E4: Not Started | F4: 1 | G4: Types, interfaces, unions, generics basics, narrowing, typing React props/API data | H4: Convert one React component and API service to TypeScript | I4: https://www.typescriptlang.org/docs/ | J4: Study basics → implement task → commit proof | N4: ☐
A5: Both | B5: CS fundamentals | C5: DSA + Big-O | D5: Must-have | E5: Not Started | F5: 1 | G5: Arrays, strings, hash maps, stacks/queues, linked lists, trees, graphs, recursion, sorting/searching, complexity | H5: Solve and explain 50+ curated problems; track patterns | I5: https://leetcode.com/problemset/ | J5: Study basics → implement task → commit proof | N5: ☐
A6: Both | B6: CS fundamentals | C6: OOP + core CS | D6: Must-have | E6: Not Started | F6: 1 | G6: OOP, exceptions, collections, DBMS, OS and networking fundamentals | H6: Prepare concise explanations and examples | I6: https://www.geeksforgeeks.org/ | J6: Study basics → implement task → commit proof | N6: ☐
A7: Both | B7: Developer workflow | C7: Git/GitHub | D7: Must-have | E7: Not Started | F7: 1 | G7: Branches, commits, pull requests, merge conflicts, issues, README | H7: Maintain clean repos with meaningful commits | I7: https://docs.github.com/en | J7: Study basics → implement task → commit proof | N7: ☐
A8: Both | B8: Developer workflow | C8: Linux/CLI + debugging | D8: Useful | E8: Not Started | F8: 1 | G8: Navigate files, env vars, logs, processes, curl, ports, basic shell commands | H8: Debug a local app using logs and curl | I8: https://missing.csail.mit.edu/ | J8: Study basics → implement task → commit proof | N8: ☐
A9: AI/ML | B9: Math foundations | C9: Linear algebra | D9: Must-have | E9: Not Started | F9: 1 | G9: Vectors, matrices, dot product, matrix multiplication, norms, intuition for embeddings | H9: Explain vector similarity and calculate cosine similarity | I9: https://www.khanacademy.org/math/linear-algebra | J9: Study basics → implement task → commit proof | N9: ☐
A10: AI/ML | B10: Math foundations | C10: Probability + statistics | D10: Must-have | E10: Not Started | F10: 1 | G10: Mean/variance, distributions, conditional probability, Bayes, sampling, confidence intervals, correlation vs causation | H10: Explain uncertainty and select an evaluation metric | I10: https://www.khanacademy.org/math/statistics-probability | J10: Study basics → implement task → commit proof | N10: ☐
A11: AI/ML | B11: Data engineering | C11: NumPy | D11: Must-have | E11: Not Started | F11: 1 | G11: Arrays, broadcasting, vectorization, indexing, random seeds | H11: Replace loops with vectorized operations in a notebook | I11: https://numpy.org/doc/stable/user/ | J11: Study basics → implement task → commit proof | N11: ☐
A12: AI/ML | B12: Data engineering | C12: pandas + EDA | D12: Must-have | E12: Not Started | F12: 1 | G12: Cleaning missing values, duplicates, joins, groupby, reshape, visualization, leakage awareness | H12: Create a reproducible EDA notebook with conclusions | I12: https://pandas.pydata.org/docs/ | J12: Study basics → implement task → commit proof | N12: ☐
A13: AI/ML | B13: Data engineering | C13: SQL for analytics | D13: Must-have | E13: Not Started | F13: 1 | G13: Joins, CTEs, subqueries, window functions, aggregation, indexes basics | H13: Solve 30 SQL questions and analyze a dataset | I13: https://sqlbolt.com/ | J13: Study basics → implement task → commit proof | N13: ☐
... A58: Both | B58: Portfolio | C58: Project documentation + demo | D58: Must-have | E58: Not Started | F58: 1 | G58: Problem, users, architecture, trade-offs, limitations, setup, screenshots, demo URL | H58: Polish Swasthya Setu and portfolio README; prepare 2-min pitch | I58: https://docs.github.com/en/repositories | J58: Study basics → implement task → commit proof | N58: ☐

Sheet All Learning Resources
A1: Domain | B1: Resource | C1: Link | D1: Use it for | E1: Progress status | F1: Notes | G1: Progress ☑
A2: Python | B2: Official Python Tutorial | C2: https://docs.python.org/3/tutorial/ | D2: Python basics | E2: Not Started | G2: ☐
A3: Math/Stats | B3: Khan Academy Statistics & Probability | C3: https://www.khanacademy.org/math/statistics-probability | D3: Probability, distributions, inference | E3: Not Started | G3: ☐
A4: Linear Algebra | B4: Khan Academy Linear Algebra | C4: https://www.khanacademy.org/math/linear-algebra | D4: Vectors, matrices, embeddings intuition | E4: Not Started | G4: ☐
A5: Data | B5: NumPy documentation | C5: https://numpy.org/doc/stable/user/ | D5: Array operations | E5: Not Started | G5: ☐
A6: Data | B6: pandas documentation | C6: https://pandas.pydata.org/docs/ | D6: Cleaning and EDA | E6: Not Started | G6: ☐
A7: ML | B7: scikit-learn User Guide | C7: https://scikit-learn.org/stable/user_guide.html | D7: Classical ML and evaluation | E7: Not Started | G7: ☐
A8: DL | B8: PyTorch Tutorials | C8: https://pytorch.org/tutorials/ | D8: Deep learning | E8: Not Started | G8: ☐
A9: DL/NLP | B9: Hugging Face Learn | C9: https://huggingface.co/learn | D9: Transformers, NLP, LLM foundations | E9: Not Started | G9: ☐
A10: OpenAI | B10: OpenAI API documentation | C10: https://platform.openai.com/docs/ | D10: SDK, responses, tools, embeddings, evals | E10: Not Started | F10: Use server-side API keys; do not commit secrets. | G10: ☐
A11: RAG | B11: LangChain documentation | C11: https://python.langchain.com/docs/ | D11: RAG chains and integrations | E11: Not Started | G11: ☐
A12: RAG | B12: LlamaIndex documentation | C12: https://docs.llamaindex.ai/ | D12: Document ingestion and retrieval | E12: Not Started | F12: Learn one framework deeply first. | G12: ☐
A13: RAG evaluation | B13: Ragas documentation | C13: https://docs.ragas.io/ | D13: RAG evaluation concepts | E13: Not Started | G13: ☐
A14: Vector DB | B14: pgvector | C14: https://github.com/pgvector/pgvector | D14: Vector similarity in Postgres | E14: Not Started | G14: ☐
A15: Agents/MCP | B15: Model Context Protocol | C15: https://modelcontextprotocol.io/introduction | D15: Tools and MCP basics | E15: Not Started | F15: Understand permissions/trust boundaries. | G15: ☐
A16: AI safety | B16: OWASP Top 10 for LLM Applications | C16: https://owasp.org/www-project-top-10-for-large-language-model-applications/ | D16: Prompt injection and LLM app risks | E16: Not Started | G16: ☐
A17: Backend | B17: FastAPI docs | C17: https://fastapi.tiangolo.com/ | D17: Serve models and AI APIs | E17: Not Started | G17: ☐
A18: Frontend | B18: React docs | C18: https://react.dev/learn | D18: React fundamentals | E18: Not Started | G18: ☐
A19: Mobile | B19: React Native docs | C19: https://reactnative.dev/docs/getting-started | D19: React Native fundamentals | E19: Not Started | G19: ☐
A20: Mobile | B20: Expo docs | C20: https://docs.expo.dev/ | D20: Build and test RN apps | E20: Not Started | G20: ☐
A21: Backend | B21: Express docs | C21: https://expressjs.com/ | D21: Node backend | E21: Not Started | G21: ☐
A22: Database | B22: PostgreSQL docs | C22: https://www.postgresql.org/docs/ | D22: SQL/database fundamentals | E22: Not Started | G22: ☐
A23: Database | B23: MongoDB docs | C23: https://www.mongodb.com/docs/ | D23: MERN database | E23: Not Started | G23: ☐
A24: DevOps | B24: Docker getting started | C24: https://docs.docker.com/get-started/ | D24: Container basics | E24: Not Started | G24: ☐
A25: Interview | B25: LeetCode | C25: https://leetcode.com/problemset/ | D25: DSA practice | E25: Not Started | G25: ☐
A26: Interview | B26: SQLBolt | C26: https://sqlbolt.com/ | D26: SQL practice | E26: Not Started | G26: ☐

Sheet All Project Ideas
A1: Project | B1: Milestone | C1: Checklist item | D1: Status | E1: Proof / URL | F1: Next action | G1: Target date | H1: Notes | I1: Progress ☑
A2: RAG Document Assistant | B2: MVP | C2: Upload PDFs/text, parse documents, chunk with source metadata | D2: Not Started | F2: Build ingestion pipeline | I2: ☐
A3: RAG Document Assistant | B3: MVP | C3: Generate embeddings and persist in a vector store | D3: Not Started | F3: Choose pgvector or Chroma | I3: ☐
A4: RAG Document Assistant | B4: MVP | C4: Retrieve top-k relevant chunks and generate answer with citations | D4: Not Started | F4: Add source citations and abstain if no evidence | I4: ☐
A5: RAG Document Assistant | B5: Evaluation | C5: Create 20–30 questions with expected answers/source chunks | D5: Not Started | F5: Build evaluation dataset | I5: ☐
A6: RAG Document Assistant | B6: Evaluation | C6: Measure retrieval quality, groundedness, citation correctness, latency and cost | D6: Not Started | F6: Compare baseline and improved retrieval | I6: ☐
A7: RAG Document Assistant | B7: Production basics | C7: Add FastAPI backend, validation, logging, rate limits and safe secrets | D7: Not Started | F7: Add API tests and env vars | I7: ☐
A8: RAG Document Assistant | B8: Deployment | C8: Dockerize and deploy; write setup/limitations in README | D8: Not Started | F8: Add demo and architecture diagram | I8: ☐
A9: Full Stack AI App | B9: Frontend | C9: React/TypeScript UI with loading, error, empty and retry states | D9: Not Started | F9: Polish responsive UI | I9: ☐
A10: Full Stack AI App | B10: Backend | C10: Node/Express or FastAPI APIs, auth, validation, database integration | D10: Not Started | F10: Document API routes | I10: ☐
A11: Full Stack AI App | B11: OpenAI integration | C11: Server-side OpenAI API call, streaming, structured outputs or tool calling | D11: Not Started | F11: Keep API key on server only | I11: ☐
A12: Full Stack AI App | B12: Testing | C12: Unit/API tests and a small LLM evaluation set | D12: Not Started | F12: Test invalid inputs and failure modes | I12: ☐
A13: React Native AI App | B13: Mobile MVP | C13: React Native/Expo app with navigation and API integration | D13: Not Started | F13: Build 3–4 screens | I13: ☐
... A20: AI + SWE Integrated Product | B20: Deployment | C20: Deploy frontend, backend and AI service with environment variables and health checks | D20: Not Started | F20: Add architecture diagram, demo URL and reproducible setup steps | I20: ☐

Sheet Sources & Notes
A1: Source / company | B1: What it supports | C1: Link | D1: Notes
A2: AI-ML Companion — fresher playbook 2026 | B2: General fresher interview-stage patterns and AI engineering preparation | C2: https://aimlcompanion.ai/blog/ai-engineering-fresher-placements-india-2026 | D2: Third-party overview; company processes still vary by job.
A3: FACE Prep — AI/ML interview questions 2026 | B3: Common AI/ML foundations and role-specific assessment topics | C3: https://faceprep.in/article/top-30-ai-ml-interview-questions-for-freshers-2026/ | D3: Use as a study guide, not a guarantee of exact questions.
A4: HCLTech AI/ML fresher listing | B4: Example of AI/ML fresher responsibilities and degree-specific eligibility | C4: https://careers.hcltech.com/job/Campus-Advanced-Beginner/162110-en_US | D4: A listed role may require B.Tech; verify BCA eligibility.
A5: Gnosify Careers | B5: Published AI/ML, full-stack, React Native role families and hiring process | C5: https://www.gnosify.in/careers | D5: Confirm active opening before applying.
A6: RadialBrain Careers | B6: Published AI engineering internship / AI + full-stack trainee and process | C6: https://www.radialbrain.com/careers/ | D6: Confirm active opening before applying.
A7: Vatsal Technosoft React + React Native fresher listing | B7: Example React Native fresher skills and role scope | C7: https://www.recruit.vatsaltechnosoft.com/jobs/react-react-native-freshers | D7: Verify current availability and employment terms.
A8: Origin Softwares Careers | B8: Published hiring steps for full-stack/AI-first work | C8: https://www.originsoftwares.com/careers | D8: Confirm active opening and role level.
A9: StayBoba college-hiring listing | B9: Example project-based full-stack college hiring process | C9: https://careers.stayboba.com/apply/full-stack-college/ | D9: Review assignment time commitment and terms.
A10: TCS Careers India | B10: Official hiring and graduate pathways | C10: https://www.tcs.com/careers/india | D10: Eligibility differs by hiring track.
A11: Infosys Careers | B11: Official careers / graduate pathways | C11: https://www.infosys.com/careers/ | D11: Check exact role requirements.
A12: Microsoft Careers | B12: Official jobs portal | C12: https://careers.microsoft.com/ | D12: Search India, internship, graduate, AI and mobile roles.
... A15: BrowserStack Careers | B15: Official jobs portal | C15: https://www.browserstack.com/careers/ | D15: Search early-career and frontend/full-stack roles.
A17: Important interpretation note | B17: Interview rounds in the company tracker are typical patterns or publicly described processes, not guarantees. Job descriptions and hiring programs change; verify the current listing before preparing for a specific sequence.
A18: Degree note | B18: Because you are pursuing BCA, confirm degree, graduation-year, marks, backlog and experience requirements on every job listing. Some dedicated AI/ML roles specify B.Tech/M.Tech or postgraduate qualifications.
A19: Search keywords | B19: AI/ML Engineer Intern; Machine Learning Intern; AI Engineer Trainee; GenAI Engineer Intern; Full Stack Developer Intern; React Native Developer; Mobile App Developer; Software Engineer Intern; Graduate Software Engineer
